transaccion_id,cliente_id,fecha,categoria,item,cantidad,canal
H-T0001,H-C0026,2026-04-10,Cloud,Backup_cloud,2,Web
H-T0001,H-C0026,2026-04-10,Productividad,CRM,2,Web
H-T0001,H-C0026,2026-04-10,Educacion,Certificacion,1,Web
H-T0001,H-C0026,2026-04-10,Productividad,Notas,1,Web
H-T0002,H-C0038,2026-03-16,Productividad,CRM,1,Tienda
H-T0002,H-C0038,2026-03-16,Educacion,Certificacion,1,Tienda
H-T0002,H-C0038,2026-03-16,Educacion,Curso_ingles,1,Tienda
H-T0003,H-C0058,2026-01-26,Cloud,Almacenamiento,1,App
H-T0003,H-C0058,2026-01-26,Cloud,Backup_cloud,1,App
H-T0003,H-C0058,2026-01-26,Cloud,Dominio,1,App
H-T0003,H-C0058,2026-01-26,Cloud,Hosting,1,App
H-T0004,H-C0014,2026-02-28,Cloud,Almacenamiento,1,Web
H-T0004,H-C0014,2026-02-28,Seguridad,Gestor_password,1,Web
H-T0004,H-C0014,2026-02-28,Streaming,Plan_deportes,1,Web
H-T0004,H-C0014,2026-02-28,Streaming,Plan_musica,3,Web
H-T0005,H-C0054,2026-04-29,Cloud,Almacenamiento,1,Tienda
H-T0005,H-C0054,2026-04-29,Seguridad,Gestor_password,3,Tienda
H-T0005,H-C0054,2026-04-29,Seguridad,VPN,3,Tienda
H-T0006,H-C0013,2026-03-12,Streaming,Plan_deportes,3,Tienda
H-T0007,H-C0039,2026-01-29,Productividad,CRM,2,Web
H-T0007,H-C0039,2026-01-29,Productividad,Notas,1,Web
H-T0007,H-C0039,2026-01-29,Seguridad,VPN,2,Web
H-T0008,H-C0037,2026-01-16,Seguridad,Monitoreo,3,App
H-T0008,H-C0037,2026-01-16,Streaming,Plan_familiar,1,App
H-T0009,H-C0030,2026-01-13,Productividad,Agenda,1,Tienda
H-T0009,H-C0030,2026-01-13,Educacion,Curso_python,1,
H-T0009,H-C0030,2026-01-13,Streaming,Plan_familiar,2,Tienda
H-T0009,H-C0030,2026-01-13,Streaming,Plan_video,1,Tienda
H-T0010,H-C0023,2026-04-16,Productividad,Agenda,1,Tienda
H-T0010,H-C0023,2026-04-16,Cloud,Dominio,1,Tienda
H-T0010,H-C0023,2026-04-16,Cloud,Hosting,1,Tienda
H-T0010,H-C0023,2026-04-16,Seguridad,VPN,1,Tienda
H-T0011,H-C0037,2026-04-06,Cloud,Dominio,3,Web
H-T0011,H-C0037,2026-04-06,Seguridad,Gestor_password,2,Web
H-T0011,H-C0037,2026-04-06,Streaming,Plan_familiar,3,Web
H-T0011,H-C0037,2026-04-06,Seguridad,VPN,1,Web
H-T0012,H-C0084,2026-01-21,Cloud,Backup_cloud,1,Web
H-T0013,H-C0094,2026-03-31,Educacion,Certificacion,1,Tienda
H-T0013,H-C0094,2026-03-31,Educacion,Curso_excel,1,Tienda
H-T0013,H-C0094,2026-03-31,Cloud,Dominio,1,Tienda
H-T0013,H-C0094,2026-03-31,Cloud,Hosting,3,Tienda
H-T0014,H-C0073,2026-01-02,Seguridad,Antivirus,1,Tienda
H-T0014,H-C0073,2026-01-02,Educacion,Certificacion,1,Tienda
H-T0014,H-C0073,2026-01-02,Educacion,Curso_python,1,Tienda
H-T0015,H-C0010,2026-02-10,Productividad,CRM,1,Telefono
H-T0015,H-C0010,2026-02-10,Streaming,Plan_familiar,4,Telefono
H-T0015,H-C0010,2026-02-10,Streaming,Plan_video,2,Telefono
H-T0015,H-C0010,2026-02-10,Seguridad,VPN,1,Telefono
H-T0016,H-C0051,2026-03-15,Productividad,Colaboracion,1,Tienda
H-T0016,H-C0051,2026-03-15,Educacion,Curso_excel,1,Tienda
H-T0016,H-C0051,2026-03-15,Educacion,Curso_ingles,1,Tienda
H-T0016,H-C0051,2026-03-15,Seguridad,Gestor_password,1,Tienda
H-T0016,H-C0051,2026-03-15,Streaming,Plan_video,1,Tienda
H-T0016,H-C0051,2026-03-15,Seguridad,VPN,1,Tienda
H-T0017,H-C0062,2026-02-20,Productividad,CRM,4,Web
H-T0017,H-C0062,2026-02-20,Educacion,Certificacion,1,Web
H-T0017,H-C0062,2026-02-20,Productividad,Colaboracion,2,Web
H-T0017,H-C0062,2026-02-20,Educacion,Curso_ingles,3,Web
H-T0017,H-C0062,2026-02-20,Educacion,Curso_python,2,Web
H-T0018,H-C0038,2026-03-06,Productividad,Agenda,1,Tienda
H-T0018,H-C0038,2026-03-06,Cloud,Dominio,1,Tienda
H-T0018,H-C0038,2026-03-06,Seguridad,Gestor_password,2,Tienda
H-T0018,H-C0038,2026-03-06,Cloud,Hosting,2,Tienda
H-T0019,H-C0009,2026-04-23,Cloud,Dominio,2,Web
H-T0019,H-C0009,2026-04-23,Productividad,Notas,1,Web
H-T0019,H-C0009,2026-04-23,Streaming,Plan_musica,1,Web
H-T0020,H-C0001,2026-01-12,Cloud,Backup_cloud,1,Tienda
H-T0020,H-C0001,2026-01-12,Streaming,Plan_musica,2,Tienda
H-T0021,H-C0012,2026-01-06,Cloud,Backup_cloud,1,Tienda
H-T0021,H-C0012,2026-01-06,Seguridad,VPN,2,Tienda
H-T0022,H-C0022,2026-03-16,Cloud,Backup_cloud,2,Tienda
H-T0022,H-C0022,2026-03-16,Cloud,Dominio,2,Tienda
H-T0022,H-C0022,2026-03-16,Seguridad,Gestor_password,1,Tienda
H-T0022,H-C0022,2026-03-16,Cloud,Hosting,1,Tienda
H-T0023,H-C0072,2026-04-29,Cloud,Almacenamiento,1,Web
H-T0024,H-C0025,2026-01-26,Seguridad,Gestor_password,1,Web
H-T0024,H-C0025,2026-01-26,Seguridad,VPN,1,Web
H-T0025,H-C0001,2026-03-05,Productividad,CRM,1,Web
H-T0025,H-C0001,2026-03-05,Seguridad,Gestor_password,1,Web
H-T0025,H-C0001,2026-03-05,Productividad,Notas,2,Web
H-T0025,H-C0001,2026-03-05,Seguridad,VPN,2,Web
H-T0026,H-C0052,2026-02-25,Cloud,Backup_cloud,1,Web
H-T0026,H-C0052,2026-02-25,Cloud,Dominio,1,Web
H-T0027,H-C0043,2026-05-01,Educacion,Curso_python,1,App
H-T0027,H-C0043,2026-05-01,Streaming,Plan_familiar,1,App
H-T0028,H-C0087,2026-03-30,Cloud,Almacenamiento,1,Tienda
H-T0028,H-C0087,2026-03-30,Cloud,Backup_cloud,1,Tienda
H-T0028,H-C0087,2026-03-30,Educacion,Curso_excel,1,Tienda
H-T0028,H-C0087,2026-03-30,Seguridad,Monitoreo,1,Tienda
H-T0029,H-C0071,2026-02-17,Seguridad,Antivirus,1,Tienda
H-T0029,H-C0071,2026-02-17,Seguridad,Gestor_password,2,Tienda
H-T0029,H-C0071,2026-02-17,Streaming,Plan_deportes,1,Tienda
H-T0029,H-C0071,2026-02-17,Seguridad,VPN,1,Tienda
H-T0030,H-C0094,2026-02-19,Streaming,Plan_musica,1,Telefono
H-T0030,H-C0094,2026-02-19,Streaming,Plan_video,1,Telefono
H-T0031,H-C0087,2026-01-27,Streaming,Plan_familiar,1,App
H-T0032,H-C0081,2026-01-14,Cloud,Almacenamiento,1,App
H-T0032,H-C0081,2026-01-14,Seguridad,Antivirus,1,App
H-T0032,H-C0081,2026-01-14,Productividad,CRM,3,App
H-T0032,H-C0081,2026-01-14,Productividad,Notas,1,App
H-T0032,H-C0081,2026-01-14,Streaming,Plan_familiar,1,App
H-T0032,H-C0081,2026-01-14,Streaming,Plan_video,1,App
H-T0033,H-C0049,2026-01-28,Productividad,Agenda,1,Tienda
H-T0033,H-C0049,2026-01-28,Cloud,Almacenamiento,1,Tienda
H-T0033,H-C0049,2026-01-28,Seguridad,Gestor_password,1,Tienda
H-T0033,H-C0049,2026-01-28,Seguridad,Monitoreo,2,Tienda
H-T0033,H-C0049,2026-01-28,Seguridad,VPN,1,Tienda
H-T0034,H-C0005,2026-04-18,Productividad,Agenda,4,Tienda
H-T0034,H-C0005,2026-04-18,Productividad,CRM,1,Tienda
H-T0035,H-C0093,2026-01-08,Seguridad,Antivirus,1,App
H-T0035,H-C0093,2026-01-08,Cloud,Hosting,1,App
H-T0035,H-C0093,2026-01-08,Streaming,Plan_deportes,2,App
H-T0035,H-C0093,2026-01-08,Seguridad,VPN,1,App
H-T0036,H-C0028,2026-03-08,Cloud,Backup_cloud,2,App
H-T0036,H-C0028,2026-03-08,Educacion,Certificacion,1,App
H-T0036,H-C0028,2026-03-08,Educacion,Curso_excel,1,App
H-T0036,H-C0028,2026-03-08,Educacion,Curso_python,1,App
H-T0036,H-C0028,2026-03-08,Productividad,Notas,2,App
H-T0036,H-C0028,2026-03-08,Streaming,Plan_familiar,1,App
H-T0037,H-C0003,2026-02-18,Seguridad,Gestor_password,1,App
H-T0037,H-C0003,2026-02-18,Streaming,Plan_familiar,2,App
H-T0037,H-C0003,2026-02-18,Streaming,Plan_video,1,App
H-T0037,H-C0003,2026-02-18,Seguridad,VPN,1,App
H-T0038,H-C0006,2026-04-08,Cloud,Dominio,1,App
H-T0039,H-C0007,2026-01-27,Streaming,Plan_familiar,1,Tienda
H-T0039,H-C0007,2026-01-27,Streaming,Plan_video,1,Tienda
H-T0040,H-C0004,2026-03-29,Seguridad,Antivirus,1,Tienda
H-T0040,H-C0004,2026-03-29,Streaming,Plan_familiar,1,Tienda
H-T0040,H-C0004,2026-03-29,Streaming,Plan_video,1,Tienda
H-T0041,H-C0089,2026-04-04,Productividad,Notas,1,App
H-T0041,H-C0089,2026-04-04,Streaming,Plan_familiar,1,App
H-T0042,H-C0071,2026-02-03,Educacion,Certificacion,1,Tienda
H-T0042,H-C0071,2026-02-03,Educacion,Curso_python,1,Tienda
H-T0042,H-C0071,2026-02-03,Seguridad,Monitoreo,1,Tienda
H-T0043,H-C0061,2026-05-01,Cloud,Almacenamiento,1,Tienda
H-T0043,H-C0061,2026-05-01,Productividad,CRM,1,Tienda
H-T0043,H-C0061,2026-05-01,Seguridad,Gestor_password,1,Tienda
H-T0043,H-C0061,2026-05-01,Cloud,Hosting,1,Tienda
H-T0043,H-C0061,2026-05-01,Seguridad,VPN,1,Tienda
H-T0044,H-C0068,2026-02-01,Seguridad,Antivirus,3,Tienda
H-T0044,H-C0068,2026-02-01,Streaming,Plan_deportes,1,Tienda
H-T0045,H-C0082,2026-04-24,Cloud,Dominio,1,Tienda
H-T0045,H-C0082,2026-04-24,Cloud,Hosting,2,Tienda
H-T0045,H-C0082,2026-04-24,Streaming,Plan_musica,1,Tienda
H-T0046,H-C0045,2026-02-06,Cloud,Almacenamiento,1,App
H-T0046,H-C0045,2026-02-06,Productividad,CRM,1,App
H-T0046,H-C0045,2026-02-06,Educacion,Certificacion,1,App
H-T0046,H-C0045,2026-02-06,Seguridad,Monitoreo,1,App
H-T0047,H-C0017,2026-04-17,Seguridad,Monitoreo,1,Web
H-T0048,H-C0022,2026-03-17,Seguridad,Gestor_password,1,App
H-T0048,H-C0022,2026-03-17,Cloud,Hosting,1,App
H-T0048,H-C0022,2026-03-17,Streaming,Plan_deportes,1,App
H-T0048,H-C0022,2026-03-17,Seguridad,VPN,1,App
H-T0049,H-C0087,2026-03-16,Productividad,Agenda,1,Tienda
H-T0049,H-C0087,2026-03-16,Educacion,Curso_python,1,Tienda
H-T0049,H-C0087,2026-03-16,Cloud,Dominio,1,Tienda
H-T0049,H-C0087,2026-03-16,Cloud,Hosting,1,Tienda
H-T0049,H-C0087,2026-03-16,Seguridad,Monitoreo,1,Tienda
H-T0049,H-C0087,2026-03-16,Streaming,Plan_deportes,1,Tienda
H-T0050,H-C0042,2026-02-18,Educacion,Certificacion,2,Tienda
H-T0050,H-C0042,2026-02-18,Productividad,Colaboracion,2,Tienda
H-T0050,H-C0042,2026-02-18,Educacion,Curso_excel,2,Tienda
H-T0050,H-C0042,2026-02-18,Educacion,Curso_python,3,Tienda
H-T0050,H-C0042,2026-02-18,Seguridad,Gestor_password,1,Tienda
H-T0050,H-C0042,2026-02-18,Streaming,Plan_video,3,Tienda
H-T0051,H-C0078,2026-01-26,Educacion,Curso_python,2,Web
H-T0051,H-C0078,2026-01-26,Productividad,Notas,2,Web
H-T0051,H-C0078,2026-01-26,Seguridad,VPN,1,Web
H-T0052,H-C0080,2026-03-12,Cloud,Almacenamiento,1,Tienda
H-T0052,H-C0080,2026-03-12,Cloud,Dominio,1,Tienda
H-T0052,H-C0080,2026-03-12,Cloud,Hosting,1,Tienda
H-T0053,H-C0036,2026-01-12,Cloud,Almacenamiento,2,Tienda
H-T0053,H-C0036,2026-01-12,Educacion,Curso_ingles,1,Tienda
H-T0053,H-C0036,2026-01-12,Educacion,Curso_python,1,Tienda
H-T0053,H-C0036,2026-01-12,Seguridad,Gestor_password,1,Tienda
H-T0053,H-C0036,2026-01-12,Streaming,Plan_video,1,Tienda
H-T0054,H-C0001,2026-02-04,Educacion,Curso_ingles,2,Tienda
H-T0054,H-C0001,2026-02-04,Seguridad,Monitoreo,1,Tienda
H-T0054,H-C0001,2026-02-04,Productividad,Notas,1,Tienda
H-T0054,H-C0001,2026-02-04,Seguridad,VPN,1,Tienda
H-T0055,H-C0005,2026-03-02,Productividad,CRM,1,Tienda
H-T0055,H-C0005,2026-03-02,Educacion,Curso_ingles,1,Tienda
H-T0055,H-C0005,2026-03-02,Cloud,Dominio,1,Tienda
H-T0055,H-C0005,2026-03-02,Seguridad,Gestor_password,2,Tienda
H-T0055,H-C0005,2026-03-02,Cloud,Hosting,1,Tienda
H-T0055,H-C0005,2026-03-02,Streaming,Plan_musica,1,Tienda
H-T0056,H-C0021,2026-04-29,Productividad,CRM,2,App
H-T0057,H-C0085,2026-02-19,Seguridad,Antivirus,1,App
H-T0057,H-C0085,2026-02-19,Productividad,Colaboracion,3,App
H-T0057,H-C0085,2026-02-19,Seguridad,Gestor_password,1,App
H-T0057,H-C0085,2026-02-19,Streaming,Plan_familiar,1,App
H-T0057,H-C0085,2026-02-19,Streaming,Plan_video,1,App
H-T0057,H-C0085,2026-02-19,Seguridad,VPN,1,App
H-T0058,H-C0018,2026-01-16,Seguridad,Antivirus,4,Web
H-T0058,H-C0018,2026-01-16,Cloud,Hosting,1,Web
H-T0059,H-C0038,2026-04-23,Educacion,Curso_ingles,3,Tienda
H-T0059,H-C0038,2026-04-23,Educacion,Curso_python,2,Tienda
H-T0059,H-C0038,2026-04-23,Streaming,Plan_familiar,1,Tienda
H-T0060,H-C0093,2026-03-25,Cloud,Almacenamiento,1,App
H-T0060,H-C0093,2026-03-25,Educacion,Curso_excel,1,App
H-T0061,H-C0008,2026-02-02,Cloud,Almacenamiento,1,Tienda
H-T0061,H-C0008,2026-02-02,Educacion,Certificacion,1,Tienda
H-T0061,H-C0008,2026-02-02,Cloud,Dominio,1,Tienda
H-T0061,H-C0008,2026-02-02,Cloud,Hosting,1,Tienda
H-T0061,H-C0008,2026-02-02,Seguridad,Monitoreo,3,Tienda
H-T0061,H-C0008,2026-02-02,Productividad,Notas,3,Tienda
H-T0062,H-C0009,2026-04-19,Cloud,Hosting,1,Tienda
H-T0062,H-C0009,2026-04-19,Streaming,Plan_video,2,Tienda
H-T0063,H-C0055,2026-01-20,Cloud,Dominio,1,Telefono
H-T0063,H-C0055,2026-01-20,Cloud,Hosting,1,Telefono
H-T0063,H-C0055,2026-01-20,Streaming,Plan_musica,1,Telefono
H-T0064,H-C0037,2026-04-20,Educacion,Curso_python,1,Tienda
H-T0064,H-C0037,2026-04-20,Streaming,Plan_deportes,1,Tienda
H-T0065,H-C0075,2026-04-03,Productividad,Agenda,1,Tienda
H-T0066,H-C0084,2026-02-20,Streaming,Plan_musica,2,App
H-T0067,H-C0032,2026-02-02,Educacion,Curso_excel,2,App
H-T0067,H-C0032,2026-02-02,Educacion,Curso_ingles,1,App
H-T0068,H-C0044,2026-04-12,Educacion,Certificacion,1,Tienda
H-T0068,H-C0044,2026-04-12,Educacion,Curso_python,4,Tienda
H-T0068,H-C0044,2026-04-12,Streaming,Plan_familiar,1,Tienda
H-T0069,H-C0063,2026-04-09,Educacion,Certificacion,1,Web
H-T0069,H-C0063,2026-04-09,Educacion,Curso_python,1,Web
H-T0069,H-C0063,2026-04-09,Cloud,Dominio,1,Web
H-T0069,H-C0063,2026-04-09,Seguridad,Gestor_password,1,Web
H-T0070,H-C0002,2026-04-26,Streaming,Plan_video,1,Tienda
H-T0070,H-C0002,2026-04-26,Seguridad,VPN,1,Tienda
H-T0071,H-C0024,2026-02-26,Productividad,Agenda,1,Tienda
H-T0071,H-C0024,2026-02-26,Seguridad,VPN,2,Tienda
H-T0072,H-C0082,2026-04-28,Cloud,Almacenamiento,4,App
H-T0072,H-C0082,2026-04-28,Streaming,Plan_musica,1,App
H-T0073,H-C0082,2026-02-16,Seguridad,Antivirus,2,Web
H-T0073,H-C0082,2026-02-16,Cloud,Dominio,2,Web
H-T0074,H-C0086,2026-02-14,Cloud,Dominio,4,Tienda
H-T0074,H-C0086,2026-02-14,Streaming,Plan_musica,2,Tienda
H-T0075,H-C0069,2026-02-19,Cloud,Almacenamiento,1,Tienda
H-T0075,H-C0069,2026-02-19,Streaming,Plan_video,1,Tienda
H-T0075,H-C0069,2026-02-19,Seguridad,VPN,1,Tienda
H-T0076,H-C0013,2026-02-13,Productividad,Agenda,1,App
H-T0076,H-C0013,2026-02-13,Educacion,Certificacion,1,App
H-T0076,H-C0013,2026-02-13,Educacion,Curso_python,2,App
H-T0076,H-C0013,2026-02-13,Seguridad,Gestor_password,1,App
H-T0076,H-C0013,2026-02-13,Streaming,Plan_musica,1,App
H-T0076,H-C0013,2026-02-13,Streaming,Plan_video,1,App
H-T0077,H-C0049,2026-02-18,Cloud,Backup_cloud,1,Web
H-T0077,H-C0049,2026-02-18,Educacion,Curso_excel,4,Web
H-T0078,H-C0061,2026-03-05,Educacion,Curso_excel,2,App
H-T0078,H-C0061,2026-03-05,Seguridad,Gestor_password,1,App
H-T0078,H-C0061,2026-03-05,Seguridad,VPN,1,App
H-T0079,H-C0064,2026-02-11,Cloud,Almacenamiento,1,Tienda
H-T0079,H-C0064,2026-02-11,Cloud,Backup_cloud,1,Tienda
H-T0079,H-C0064,2026-02-11,Cloud,Hosting,1,Tienda
H-T0080,H-C0015,2026-01-11,Cloud,Hosting,1,Telefono
H-T0080,H-C0015,2026-01-11,Streaming,Plan_familiar,2,Telefono
H-T0081,H-C0060,2026-03-07,Productividad,Colaboracion,3,App
H-T0081,H-C0060,2026-03-07,Educacion,Curso_python,1,App
H-T0082,H-C0017,2026-01-28,Educacion,Certificacion,1,App
H-T0082,H-C0017,2026-01-28,Educacion,Curso_python,1,App
H-T0083,H-C0022,2026-04-13,Productividad,Agenda,1,Tienda
H-T0083,H-C0022,2026-04-13,Cloud,Almacenamiento,1,Tienda
H-T0083,H-C0022,2026-04-13,Educacion,Curso_excel,3,Tienda
H-T0083,H-C0022,2026-04-13,Streaming,Plan_familiar,1,Tienda
H-T0083,H-C0022,2026-04-13,Streaming,Plan_video,1,Tienda
H-T0084,H-C0079,2026-02-01,Productividad,CRM,2,App
H-T0084,H-C0079,2026-02-01,Streaming,Plan_familiar,3,App
H-T0084,H-C0079,2026-02-01,Streaming,Plan_video,3,App
H-T0085,H-C0026,2026-04-08,Educacion,Certificacion,3,App
H-T0085,H-C0026,2026-04-08,Cloud,Dominio,1,App
H-T0085,H-C0026,2026-04-08,Cloud,Hosting,1,App
H-T0085,H-C0026,2026-04-08,Seguridad,Monitoreo,2,App
H-T0086,H-C0007,2026-04-07,Educacion,Curso_ingles,2,Tienda
H-T0087,H-C0065,2026-03-28,Streaming,Plan_familiar,1,Tienda
H-T0087,H-C0065,2026-03-28,Streaming,Plan_video,2,Tienda
H-T0088,H-C0007,2026-02-17,Educacion,Curso_ingles,1,Telefono
H-T0088,H-C0007,2026-02-17,Seguridad,Gestor_password,1,Telefono
H-T0088,H-C0007,2026-02-17,Seguridad,VPN,2,Telefono
H-T0089,H-C0041,2026-04-22,Educacion,Certificacion,1,Tienda
H-T0089,H-C0041,2026-04-22,Educacion,Curso_python,1,Tienda
H-T0089,H-C0041,2026-04-22,Streaming,Plan_video,1,Tienda
H-T0090,H-C0079,2026-02-13,Productividad,Agenda,1,App
H-T0090,H-C0079,2026-02-13,Educacion,Certificacion,2,App
H-T0090,H-C0079,2026-02-13,Educacion,Curso_python,2,App
H-T0090,H-C0079,2026-02-13,Cloud,Hosting,4,App
H-T0090,H-C0079,2026-02-13,Seguridad,Monitoreo,1,App
H-T0091,H-C0032,2026-04-09,Seguridad,VPN,2,App
H-T0092,H-C0025,2026-01-16,Productividad,Colaboracion,1,Tienda
H-T0092,H-C0025,2026-01-16,Seguridad,Gestor_password,3,Tienda
H-T0092,H-C0025,2026-01-16,Streaming,Plan_musica,1,Tienda
H-T0092,H-C0025,2026-01-16,Seguridad,VPN,1,Tienda
H-T0093,H-C0021,2026-03-16,Educacion,Certificacion,1,App
H-T0093,H-C0021,2026-03-16,Cloud,Dominio,1,App
H-T0093,H-C0021,2026-03-16,Cloud,Hosting,1,App
H-T0094,H-C0032,2026-03-09,Cloud,Almacenamiento,2,Tienda
H-T0094,H-C0032,2026-03-09,Educacion,Certificacion,1,Tienda
H-T0094,H-C0032,2026-03-09,Educacion,Curso_ingles,1,Tienda
H-T0094,H-C0032,2026-03-09,Educacion,Curso_python,1,Tienda
H-T0095,H-C0002,2026-03-02,Productividad,Agenda,1,App
H-T0095,H-C0002,2026-03-02,Seguridad,Gestor_password,1,App
H-T0096,H-C0069,2026-03-22,Cloud,Almacenamiento,1,Web
H-T0096,H-C0069,2026-03-22,Seguridad,Gestor_password,2,Web
H-T0096,H-C0069,2026-03-22,Seguridad,VPN,1,Web
H-T0097,H-C0043,2026-04-23,Educacion,Certificacion,1,Web
H-T0097,H-C0043,2026-04-23,Educacion,Curso_python,1,Web
H-T0097,H-C0043,2026-04-23,Streaming,Plan_familiar,2,Web
H-T0097,H-C0043,2026-04-23,Streaming,Plan_video,1,Web
H-T0097,H-C0043,2026-04-23,Seguridad,VPN,1,Web
H-T0098,H-C0090,2026-01-02,Educacion,Curso_python,1,Tienda
H-T0098,H-C0090,2026-01-02,Streaming,Plan_familiar,1,Tienda
H-T0098,H-C0090,2026-01-02,Streaming,Plan_video,1,Tienda
H-T0099,H-C0091,2026-03-13,Productividad,Colaboracion,3,Web
H-T0099,H-C0091,2026-03-13,Educacion,Curso_excel,1,Web
H-T0099,H-C0091,2026-03-13,Educacion,Curso_python,2,Web
H-T0099,H-C0091,2026-03-13,Cloud,Dominio,4,Web
H-T0100,H-C0087,2026-01-13,Cloud,Backup_cloud,1,Tienda
H-T0100,H-C0087,2026-01-13,Educacion,Certificacion,1,Tienda
H-T0100,H-C0087,2026-01-13,Streaming,Plan_familiar,1,Tienda
H-T0100,H-C0087,2026-01-13,Streaming,Plan_video,1,Tienda
H-T0100,H-C0087,2026-01-13,Seguridad,VPN,1,Tienda
H-T0101,H-C0091,2026-01-17,Streaming,Plan_deportes,1,App
H-T0101,H-C0091,2026-01-17,Streaming,Plan_familiar,1,App
H-T0101,H-C0091,2026-01-17,Streaming,Plan_video,4,App
H-T0102,H-C0023,2026-03-23,Educacion,Certificacion,1,App
H-T0102,H-C0023,2026-03-23,Streaming,Plan_familiar,2,App
H-T0103,H-C0089,2026-04-19,Cloud,Almacenamiento,1,Tienda
H-T0103,H-C0089,2026-04-19,Educacion,Curso_ingles,1,Tienda
H-T0103,H-C0089,2026-04-19,Seguridad,Gestor_password,2,Tienda
H-T0103,H-C0089,2026-04-19,Seguridad,VPN,1,Tienda
H-T0104,H-C0085,2026-04-06,Educacion,Certificacion,1,Web
H-T0104,H-C0085,2026-04-06,Educacion,Curso_ingles,1,Web
H-T0105,H-C0046,2026-03-20,Cloud,Hosting,1,Web
H-T0105,H-C0046,2026-03-20,Streaming,Plan_deportes,1,Web
H-T0106,H-C0048,2026-03-28,Educacion,Certificacion,1,App
H-T0106,H-C0048,2026-03-28,Productividad,Colaboracion,2,App
H-T0106,H-C0048,2026-03-28,Seguridad,Gestor_password,1,App
H-T0107,H-C0082,2026-01-03,Educacion,Curso_excel,1,Web
H-T0107,H-C0082,2026-01-03,Streaming,Plan_familiar,1,Web
H-T0107,H-C0082,2026-01-03,Streaming,Plan_video,1,Web
H-T0108,H-C0006,2026-04-27,Cloud,Almacenamiento,3,Tienda
H-T0108,H-C0006,2026-04-27,Seguridad,Antivirus,2,Tienda
H-T0108,H-C0006,2026-04-27,Streaming,Plan_video,1,Tienda
H-T0108,H-C0006,2026-04-27,Seguridad,VPN,1,Tienda
H-T0109,H-C0036,2026-01-04,Seguridad,Monitoreo,1,App
H-T0109,H-C0036,2026-01-04,Streaming,Plan_deportes,1,App
H-T0109,H-C0036,2026-01-04,Streaming,Plan_familiar,1,App
H-T0109,H-C0036,2026-01-04,Streaming,Plan_video,1,App
H-T0110,H-C0048,2026-03-18,Cloud,Hosting,1,App
H-T0111,H-C0058,2026-01-10,Cloud,Dominio,1,Tienda
H-T0111,H-C0058,2026-01-10,Productividad,Notas,1,Tienda
H-T0111,H-C0058,2026-01-10,Streaming,Plan_familiar,1,Tienda
H-T0111,H-C0058,2026-01-10,Streaming,Plan_musica,1,Tienda
H-T0111,H-C0058,2026-01-10,Streaming,Plan_video,1,Tienda
H-T0111,H-C0058,2026-01-10,Seguridad,VPN,2,Tienda
H-T0112,H-C0079,2026-01-04,Cloud,Backup_cloud,1,App
H-T0112,H-C0079,2026-01-04,Educacion,Curso_python,1,App
H-T0112,H-C0079,2026-01-04,Cloud,Dominio,2,App
H-T0112,H-C0079,2026-01-04,Cloud,Hosting,1,App
H-T0112,H-C0079,2026-01-04,Streaming,Plan_video,2,App
H-T0113,H-C0085,2026-01-09,Cloud,Backup_cloud,1,Web
H-T0113,H-C0085,2026-01-09,Cloud,Dominio,3,Web
H-T0113,H-C0085,2026-01-09,Cloud,Hosting,2,Web
H-T0113,H-C0085,2026-01-09,Productividad,Notas,4,Web
H-T0113,H-C0085,2026-01-09,Streaming,Plan_familiar,3,Web
H-T0114,H-C0049,2026-03-01,Educacion,Certificacion,1,Tienda
H-T0114,H-C0049,2026-03-01,Streaming,Plan_musica,1,Tienda
H-T0115,H-C0051,2026-01-12,Streaming,Plan_familiar,1,Tienda
H-T0116,H-C0025,2026-03-20,Cloud,Dominio,2,App
H-T0116,H-C0025,2026-03-20,Seguridad,Gestor_password,1,App
H-T0117,H-C0020,2026-03-25,Cloud,Dominio,1,App
H-T0117,H-C0020,2026-03-25,Cloud,Hosting,1,App
H-T0117,H-C0020,2026-03-25,Streaming,Plan_video,1,App
H-T0118,H-C0044,2026-02-16,Educacion,Certificacion,2,Tienda
H-T0118,H-C0044,2026-02-16,Educacion,Curso_python,1,Tienda
H-T0119,H-C0029,2026-01-17,Educacion,Certificacion,2,Tienda
H-T0119,H-C0029,2026-01-17,Productividad,Colaboracion,2,Tienda
H-T0119,H-C0029,2026-01-17,Educacion,Curso_ingles,1,Tienda
H-T0119,H-C0029,2026-01-17,Educacion,Curso_python,1,Tienda
H-T0120,H-C0082,2026-03-14,Educacion,Certificacion,2,Web
H-T0120,H-C0082,2026-03-14,Seguridad,Monitoreo,1,Web
H-T0120,H-C0082,2026-03-14,Streaming,Plan_deportes,1,Web
H-T0121,H-C0069,2026-01-21,Streaming,Plan_video,2,Tienda
H-T0122,H-C0093,2026-02-24,Productividad,CRM,1,App
H-T0122,H-C0093,2026-02-24,Educacion,Certificacion,2,App
H-T0122,H-C0093,2026-02-24,Cloud,Hosting,1,App
H-T0122,H-C0093,2026-02-24,Streaming,Plan_familiar,1,App
H-T0122,H-C0093,2026-02-24,Streaming,Plan_video,2,App
H-T0123,H-C0056,2026-02-10,Productividad,Agenda,1,App
H-T0123,H-C0056,2026-02-10,Educacion,Certificacion,1,App
H-T0123,H-C0056,2026-02-10,Streaming,Plan_deportes,1,App
H-T0124,H-C0016,2026-03-02,Cloud,Backup_cloud,1,Tienda
H-T0124,H-C0016,2026-03-02,Cloud,Hosting,1,Tienda
H-T0125,H-C0061,2026-01-17,Seguridad,Monitoreo,1,App
H-T0125,H-C0061,2026-01-17,Streaming,Plan_video,2,App
H-T0126,H-C0005,2026-01-27,Educacion,Certificacion,1,App
H-T0126,H-C0005,2026-01-27,Productividad,Colaboracion,2,App
H-T0127,H-C0061,2026-04-05,Educacion,Curso_ingles,3,App
H-T0127,H-C0061,2026-04-05,Educacion,Curso_python,1,App
H-T0127,H-C0061,2026-04-05,Seguridad,Monitoreo,1,App
H-T0127,H-C0061,2026-04-05,Streaming,Plan_video,1,App
H-T0128,H-C0032,2026-02-10,Educacion,Curso_ingles,1,Tienda
H-T0128,H-C0032,2026-02-10,Cloud,Hosting,1,Tienda
H-T0129,H-C0027,2026-04-21,Productividad,CRM,1,Web
H-T0129,H-C0027,2026-04-21,Productividad,Colaboracion,1,Web
H-T0129,H-C0027,2026-04-21,Educacion,Curso_excel,1,Web
H-T0129,H-C0027,2026-04-21,Seguridad,Gestor_password,3,Web
H-T0129,H-C0027,2026-04-21,Streaming,Plan_musica,1,Web
H-T0129,H-C0027,2026-04-21,Seguridad,VPN,2,Web
H-T0130,H-C0013,2026-03-29,Productividad,Agenda,1,App
H-T0130,H-C0013,2026-03-29,Cloud,Almacenamiento,4,App
H-T0130,H-C0013,2026-03-29,Streaming,Plan_musica,1,App
H-T0131,H-C0077,2026-03-04,Educacion,Curso_ingles,1,Tienda
H-T0131,H-C0077,2026-03-04,Seguridad,Gestor_password,1,Tienda
H-T0131,H-C0077,2026-03-04,Streaming,Plan_musica,1,Tienda
H-T0131,H-C0077,2026-03-04,Seguridad,VPN,1,Tienda
H-T0132,H-C0047,2026-01-20,Productividad,CRM,1,Web
H-T0132,H-C0047,2026-01-20,Educacion,Certificacion,1,Web
H-T0132,H-C0047,2026-01-20,Educacion,Curso_python,1,Web
H-T0133,H-C0012,2026-04-16,Seguridad,Gestor_password,1,Tienda
H-T0133,H-C0012,2026-04-16,Streaming,Plan_familiar,2,Tienda
H-T0133,H-C0012,2026-04-16,Streaming,Plan_video,1,Tienda
H-T0134,H-C0048,2026-03-10,Cloud,Almacenamiento,3,Tienda
H-T0134,H-C0048,2026-03-10,Educacion,Certificacion,2,Tienda
H-T0134,H-C0048,2026-03-10,Educacion,Curso_python,1,Tienda
H-T0135,H-C0014,2026-01-07,Seguridad,Gestor_password,1,Tienda
H-T0135,H-C0014,2026-01-07,Streaming,Plan_video,2,Tienda
H-T0136,H-C0088,2026-03-02,Productividad,Colaboracion,1,App
H-T0136,H-C0088,2026-03-02,Cloud,Dominio,1,App
H-T0136,H-C0088,2026-03-02,Streaming,Plan_familiar,1,App
H-T0136,H-C0088,2026-03-02,Streaming,Plan_video,1,App
H-T0137,H-C0064,2026-02-18,Educacion,Certificacion,1,Tienda
H-T0137,H-C0064,2026-02-18,Educacion,Curso_python,1,Tienda
H-T0137,H-C0064,2026-02-18,Seguridad,Monitoreo,1,Tienda
H-T0137,H-C0064,2026-02-18,Streaming,Plan_video,3,Tienda
H-T0138,H-C0035,2026-03-11,Seguridad,Antivirus,1,Tienda
H-T0139,H-C0008,2026-01-12,Cloud,Almacenamiento,1,Tienda
H-T0139,H-C0008,2026-01-12,Streaming,Plan_familiar,1,Tienda
H-T0139,H-C0008,2026-01-12,Streaming,Plan_video,1,Tienda
H-T0140,H-C0058,2026-02-02,Seguridad,Antivirus,1,Tienda
H-T0140,H-C0058,2026-02-02,Streaming,Plan_video,3,Tienda
H-T0141,H-C0046,2026-03-10,Educacion,Certificacion,1,Web
H-T0141,H-C0046,2026-03-10,Educacion,Curso_python,1,Web
H-T0141,H-C0046,2026-03-10,Streaming,Plan_musica,2,Web
H-T0142,H-C0030,2026-03-08,Productividad,Agenda,2,App
H-T0143,H-C0034,2026-02-28,Productividad,Notas,1,Web
H-T0143,H-C0034,2026-02-28,Streaming,Plan_video,2,Web
H-T0144,H-C0005,2026-05-01,Cloud,Almacenamiento,1,Tienda
H-T0144,H-C0005,2026-05-01,Educacion,Curso_ingles,1,Tienda
H-T0144,H-C0005,2026-05-01,Cloud,Hosting,2,Tienda
H-T0145,H-C0094,2026-04-18,Seguridad,Antivirus,1,Tienda
H-T0145,H-C0094,2026-04-18,Seguridad,Gestor_password,1,Tienda
H-T0145,H-C0094,2026-04-18,Streaming,Plan_familiar,1,Tienda
H-T0145,H-C0094,2026-04-18,Streaming,Plan_video,1,Tienda
H-T0145,H-C0094,2026-04-18,Seguridad,VPN,1,Tienda
H-T0146,H-C0036,2026-01-02,Cloud,Backup_cloud,3,Tienda
H-T0146,H-C0036,2026-01-02,Seguridad,Monitoreo,1,Tienda
H-T0146,H-C0036,2026-01-02,Streaming,Plan_deportes,1,Tienda
H-T0147,H-C0081,2026-04-22,Educacion,Curso_python,2,Telefono
H-T0147,H-C0081,2026-04-22,Seguridad,Gestor_password,3,Telefono
H-T0147,H-C0081,2026-04-22,Seguridad,Monitoreo,4,Telefono
H-T0147,H-C0081,2026-04-22,Seguridad,VPN,1,Telefono
H-T0148,H-C0091,2026-03-26,Educacion,Curso_ingles,1,App
H-T0149,H-C0004,2026-01-15,Educacion,Certificacion,3,App
H-T0149,H-C0004,2026-01-15,Cloud,Hosting,1,App
H-T0149,H-C0004,2026-01-15,Productividad,Notas,2,App
H-T0149,H-C0004,2026-01-15,Streaming,Plan_video,2,App
H-T0150,H-C0019,2026-04-18,Productividad,Colaboracion,1,Tienda
H-T0150,H-C0019,2026-04-18,Seguridad,Gestor_password,1,Tienda
H-T0150,H-C0019,2026-04-18,Streaming,Plan_deportes,1,Tienda
H-T0150,H-C0019,2026-04-18,Seguridad,VPN,3,Tienda
H-T0151,H-C0060,2026-04-18,Cloud,Almacenamiento,2,App
H-T0151,H-C0060,2026-04-18,Educacion,Certificacion,1,App
H-T0151,H-C0060,2026-04-18,Educacion,Curso_python,1,App
H-T0151,H-C0060,2026-04-18,Cloud,Hosting,3,App
H-T0152,H-C0011,2026-03-24,Educacion,Curso_python,3,Web
H-T0152,H-C0011,2026-03-24,Seguridad,VPN,1,Web
H-T0153,H-C0036,2026-04-22,Productividad,CRM,1,Tienda
H-T0154,H-C0072,2026-04-16,Productividad,CRM,1,App
H-T0154,H-C0072,2026-04-16,Cloud,Hosting,1,App
H-T0155,H-C0048,2026-01-06,Educacion,Certificacion,1,Tienda
H-T0155,H-C0048,2026-01-06,Seguridad,VPN,2,Tienda
H-T0156,H-C0050,2026-03-02,Educacion,Curso_python,1,Web
H-T0156,H-C0050,2026-03-02,Streaming,Plan_familiar,2,Web
H-T0156,H-C0050,2026-03-02,Streaming,Plan_video,1,Web
H-T0156,H-C0050,2026-03-02,Seguridad,VPN,1,Web
H-T0157,H-C0063,2026-02-25,Educacion,Curso_excel,2,Telefono
H-T0157,H-C0063,2026-02-25,Educacion,Curso_ingles,1,Telefono
H-T0158,H-C0015,2026-01-09,Cloud,Almacenamiento,1,Tienda
H-T0158,H-C0015,2026-01-09,Seguridad,VPN,1,Tienda
H-T0159,H-C0065,2026-02-19,Cloud,Almacenamiento,4,App
H-T0159,H-C0065,2026-02-19,Seguridad,Antivirus,1,App
H-T0160,H-C0044,2026-03-05,Seguridad,Gestor_password,1,Web
H-T0160,H-C0044,2026-03-05,Productividad,Notas,2,Web
H-T0160,H-C0044,2026-03-05,Streaming,Plan_musica,1,Web
H-T0160,H-C0044,2026-03-05,Seguridad,VPN,1,Web
H-T0161,H-C0034,2026-04-14,Productividad,Colaboracion,1,Web
H-T0162,H-C0012,2026-04-28,Cloud,Backup_cloud,1,App
H-T0162,H-C0012,2026-04-28,Streaming,Plan_familiar,1,App
H-T0162,H-C0012,2026-04-28,Streaming,Plan_video,1,App
H-T0163,H-C0041,2026-02-23,Seguridad,Antivirus,1,Web
H-T0163,H-C0041,2026-02-23,Educacion,Curso_python,1,Web
H-T0163,H-C0041,2026-02-23,Productividad,Notas,1,Web
H-T0164,H-C0061,2026-04-30,Cloud,Hosting,1,Web
H-T0165,H-C0049,2026-03-08,Streaming,Plan_video,1,Tienda
H-T0166,H-C0019,2026-02-22,Educacion,Curso_python,1,App
H-T0166,H-C0019,2026-02-22,Streaming,Plan_video,4,App
H-T0167,H-C0062,2026-01-09,Educacion,Curso_python,3,Tienda
H-T0167,H-C0062,2026-01-09,Streaming,Plan_familiar,1,Tienda
H-T0168,H-C0019,2026-04-02,Cloud,Hosting,1,Tienda
H-T0168,H-C0019,2026-04-02,Seguridad,VPN,2,Tienda
H-T0169,H-C0007,2026-02-28,Productividad,CRM,2,Web
H-T0169,H-C0007,2026-02-28,Streaming,Plan_deportes,1,Web
H-T0170,H-C0036,2026-01-15,Educacion,Certificacion,2,App
H-T0170,H-C0036,2026-01-15,Educacion,Curso_python,3,App
H-T0170,H-C0036,2026-01-15,Productividad,Notas,1,App
H-T0171,H-C0076,2026-02-26,Cloud,Hosting,1,Tienda
H-T0171,H-C0076,2026-02-26,Streaming,Plan_familiar,1,Tienda
H-T0171,H-C0076,2026-02-26,Streaming,Plan_video,1,Tienda
H-T0172,H-C0042,2026-03-01,Cloud,Backup_cloud,1,Web
H-T0172,H-C0042,2026-03-01,Seguridad,Monitoreo,2,Web
H-T0172,H-C0042,2026-03-01,Seguridad,VPN,2,Web
H-T0173,H-C0084,2026-03-12,Educacion,Certificacion,1,Tienda
H-T0173,H-C0084,2026-03-12,Educacion,Curso_ingles,3,Tienda
H-T0173,H-C0084,2026-03-12,Educacion,Curso_python,1,Tienda
H-T0173,H-C0084,2026-03-12,Streaming,Plan_deportes,2,Tienda
H-T0173,H-C0084,2026-03-12,Streaming,Plan_video,1,Tienda
H-T0174,H-C0066,2026-02-10,Educacion,Curso_python,2,Tienda
H-T0174,H-C0066,2026-02-10,Streaming,Plan_deportes,1,Tienda
H-T0174,H-C0066,2026-02-10,Streaming,Plan_familiar,2,Tienda
H-T0174,H-C0066,2026-02-10,Streaming,Plan_musica,4,Tienda
H-T0174,H-C0066,2026-02-10,Streaming,Plan_video,1,Tienda
H-T0175,H-C0042,2026-03-07,Productividad,CRM,1,Web
H-T0175,H-C0042,2026-03-07,Educacion,Certificacion,1,Web
H-T0175,H-C0042,2026-03-07,Productividad,Colaboracion,1,Web
H-T0175,H-C0042,2026-03-07,Educacion,Curso_python,2,Web
H-T0175,H-C0042,2026-03-07,Seguridad,Monitoreo,1,Web
H-T0175,H-C0042,2026-03-07,Streaming,Plan_video,3,Web
H-T0176,H-C0046,2026-04-12,Cloud,Almacenamiento,1,Tienda
H-T0176,H-C0046,2026-04-12,Educacion,Certificacion,1,Tienda
H-T0176,H-C0046,2026-04-12,Educacion,Curso_python,1,Tienda
H-T0176,H-C0046,2026-04-12,Cloud,Dominio,1,Tienda
H-T0176,H-C0046,2026-04-12,Seguridad,VPN,1,Tienda
H-T0177,H-C0071,2026-03-08,Productividad,Agenda,1,Tienda
H-T0177,H-C0071,2026-03-08,Cloud,Almacenamiento,2,Tienda
H-T0177,H-C0071,2026-03-08,Educacion,Certificacion,1,Tienda
H-T0177,H-C0071,2026-03-08,Educacion,Curso_python,1,Tienda
H-T0177,H-C0071,2026-03-08,Streaming,Plan_video,1,Tienda
H-T0178,H-C0035,2026-02-15,Cloud,Backup_cloud,1,Telefono
H-T0178,H-C0035,2026-02-15,Educacion,Certificacion,1,Telefono
H-T0178,H-C0035,2026-02-15,Cloud,Hosting,1,Telefono
H-T0179,H-C0081,2026-04-06,Cloud,Backup_cloud,1,Web
H-T0179,H-C0081,2026-04-06,Cloud,Hosting,2,Web
H-T0179,H-C0081,2026-04-06,Streaming,Plan_musica,1,Web
H-T0180,H-C0055,2026-02-14,Cloud,Almacenamiento,1,Tienda
H-T0180,H-C0055,2026-02-14,Educacion,Curso_python,1,Tienda
H-T0180,H-C0055,2026-02-14,Cloud,Dominio,1,Tienda
H-T0180,H-C0055,2026-02-14,Cloud,Hosting,1,Tienda
H-T0180,H-C0055,2026-02-14,Streaming,Plan_deportes,1,Tienda
H-T0181,H-C0090,2026-03-02,Cloud,Almacenamiento,1,Tienda
H-T0181,H-C0090,2026-03-02,Streaming,Plan_familiar,1,Tienda
H-T0181,H-C0090,2026-03-02,Streaming,Plan_video,1,Tienda
H-T0182,H-C0089,2026-03-29,Educacion,Curso_excel,1,Tienda
H-T0183,H-C0015,2026-01-25,Cloud,Backup_cloud,1,Tienda
H-T0183,H-C0015,2026-01-25,Streaming,Plan_deportes,1,Tienda
H-T0183,H-C0015,2026-01-25,Streaming,Plan_musica,1,Tienda
H-T0184,H-C0090,2026-01-17,Productividad,Agenda,4,Tienda
H-T0184,H-C0090,2026-01-17,Productividad,Notas,2,Tienda
H-T0185,H-C0030,2026-04-14,Seguridad,Gestor_password,1,Tienda
H-T0185,H-C0030,2026-04-14,Seguridad,VPN,2,Tienda
H-T0186,H-C0008,2026-02-14,Productividad,CRM,2,Tienda
H-T0186,H-C0008,2026-02-14,Educacion,Certificacion,1,Tienda
H-T0187,H-C0079,2026-03-27,Productividad,Agenda,2,Tienda
H-T0187,H-C0079,2026-03-27,Cloud,Almacenamiento,1,Tienda
H-T0187,H-C0079,2026-03-27,Cloud,Dominio,1,Tienda
H-T0187,H-C0079,2026-03-27,Cloud,Hosting,1,Tienda
H-T0187,H-C0079,2026-03-27,Streaming,Plan_deportes,3,Tienda
H-T0188,H-C0040,2026-04-28,Educacion,Certificacion,2,Tienda
H-T0188,H-C0040,2026-04-28,Productividad,Colaboracion,1,Tienda
H-T0188,H-C0040,2026-04-28,Educacion,Curso_ingles,4,Tienda
H-T0188,H-C0040,2026-04-28,Educacion,Curso_python,2,Tienda
H-T0188,H-C0040,2026-04-28,Cloud,Dominio,2,Tienda
H-T0188,H-C0040,2026-04-28,Streaming,Plan_musica,1,Tienda
H-T0189,H-C0048,2026-03-20,Cloud,Dominio,1,Tienda
H-T0189,H-C0048,2026-03-20,Cloud,Hosting,1,Tienda
H-T0189,H-C0048,2026-03-20,Streaming,Plan_familiar,1,Tienda
H-T0190,H-C0036,2026-02-25,Seguridad,Monitoreo,2,Tienda
H-T0190,H-C0036,2026-02-25,Streaming,Plan_deportes,2,Tienda
H-T0190,H-C0036,2026-02-25,Streaming,Plan_familiar,1,Tienda
H-T0190,H-C0036,2026-02-25,Streaming,Plan_video,1,Tienda
H-T0191,H-C0057,2026-02-09,Seguridad,Antivirus,1,App
H-T0191,H-C0057,2026-02-09,Educacion,Certificacion,1,App
H-T0191,H-C0057,2026-02-09,Productividad,Colaboracion,1,App
H-T0191,H-C0057,2026-02-09,Educacion,Curso_python,3,App
H-T0191,H-C0057,2026-02-09,Cloud,Dominio,1,App
H-T0191,H-C0057,2026-02-09,Streaming,Plan_deportes,1,App
H-T0192,H-C0040,2026-03-24,Seguridad,Gestor_password,1,Tienda
H-T0192,H-C0040,2026-03-24,Cloud,Hosting,3,Tienda
H-T0192,H-C0040,2026-03-24,Seguridad,Monitoreo,1,Tienda
H-T0192,H-C0040,2026-03-24,Seguridad,VPN,4,Tienda
H-T0193,H-C0072,2026-01-21,Productividad,Notas,2,Web
H-T0193,H-C0072,2026-01-21,Streaming,Plan_familiar,2,Web
H-T0194,H-C0095,2026-04-28,Seguridad,VPN,1,Tienda
H-T0195,H-C0087,2026-02-11,Cloud,Almacenamiento,2,Web
H-T0195,H-C0087,2026-02-11,Cloud,Dominio,1,Web
H-T0195,H-C0087,2026-02-11,Seguridad,Gestor_password,1,Web
H-T0196,H-C0090,2026-03-30,Productividad,Agenda,1,Web
H-T0196,H-C0090,2026-03-30,Educacion,Certificacion,1,Web
H-T0196,H-C0090,2026-03-30,Educacion,Curso_python,1,Web
H-T0196,H-C0090,2026-03-30,Cloud,Dominio,1,Web
H-T0197,H-C0021,2026-01-30,Cloud,Dominio,1,Web
H-T0197,H-C0021,2026-01-30,Cloud,Hosting,1,Web
H-T0197,H-C0021,2026-01-30,Seguridad,Monitoreo,1,Web
H-T0198,H-C0075,2026-01-10,Cloud,Backup_cloud,1,App
H-T0198,H-C0075,2026-01-10,Productividad,CRM,1,App
H-T0198,H-C0075,2026-01-10,Educacion,Certificacion,1,App
H-T0198,H-C0075,2026-01-10,Seguridad,Gestor_password,3,App
H-T0198,H-C0075,2026-01-10,Seguridad,VPN,1,App
H-T0199,H-C0029,2026-03-09,Productividad,CRM,2,App
H-T0199,H-C0029,2026-03-09,Educacion,Certificacion,2,App
H-T0199,H-C0029,2026-03-09,Cloud,Dominio,1,App
H-T0199,H-C0029,2026-03-09,Cloud,Hosting,1,App
H-T0200,H-C0060,2026-01-13,Cloud,Almacenamiento,2,Tienda
H-T0200,H-C0060,2026-01-13,Cloud,Backup_cloud,1,Tienda
H-T0200,H-C0060,2026-01-13,Educacion,Certificacion,1,Tienda
H-T0200,H-C0060,2026-01-13,Cloud,Hosting,2,Tienda
H-T0200,H-C0060,2026-01-13,Seguridad,VPN,1,Tienda
H-T0005,H-C0054,2026-04-29,Cloud,Almacenamiento,1,Tienda
